date,amount,volume,low,close,high,open
2014-01-13,23805004.0,3413941.0,6.87,6.95,7.14,6.99
2014-01-14,30943166.0,4487757.0,6.8,6.96,7.0,6.9
2014-01-15,22938820.0,3330370.0,6.83,6.88,7.03,6.96
2014-01-16,19792198.0,2875043.0,6.83,6.9,6.94,6.83
2014-01-17,14522277.0,2127952.0,6.78,6.79,6.9,6.89
2014-01-20,25532554.0,3778210.0,6.65,6.66,6.86,6.79
2014-01-21,22989862.0,3410852.0,6.66,6.71,6.86,6.7
2014-01-22,41769764.0,5958053.0,6.78,7.05,7.15,6.8
2014-01-23,29045886.0,4159320.0,6.93,6.98,7.09,7.06
2014-01-24,27420472.0,3932060.0,6.9,6.97,7.04,6.97
2014-01-27,27896078.0,4035080.0,6.85,6.88,7.02,6.96
2014-01-28,30672748.0,4378727.0,6.86,7.05,7.07,6.88
2014-01-29,27462824.0,3948408.0,6.9,6.96,7.05,7.04
2014-01-30,15538210.0,2235364.0,6.88,6.9,7.03,6.88
2014-02-07,24165110.0,3458932.0,6.85,7.05,7.05,6.9
2014-02-10,42736156.0,5927796.0,7.1,7.22,7.28,7.26
2014-02-11,37284240.0,5121087.0,7.18,7.25,7.35,7.18
2014-02-12,40915516.0,5594576.0,7.25,7.32,7.4,7.25
2014-02-13,177085680.0,22792738.0,7.19,8.05,8.05,7.34
2014-02-14,206383712.0,25918148.0,7.71,7.99,8.18,8.12
2014-02-17,123982472.0,15732955.0,7.73,7.97,8.02,7.88
2014-02-18,174067472.0,21270736.0,7.76,8.22,8.34,7.76
2014-02-19,185078240.0,22147852.0,8.14,8.15,8.56,8.29
2014-02-20,126616304.0,15874917.0,7.76,7.79,8.23,8.17
2014-02-21,71422864.0,9279237.0,7.58,7.8,7.83,7.78
2014-02-24,64914720.0,8299426.0,7.65,7.88,7.95,7.78
2014-02-25,91695808.0,12015697.0,7.27,7.39,7.92,7.89
2014-02-26,58422124.0,8140699.0,7.07,7.24,7.36,7.36
2014-02-27,45924716.0,6300250.0,7.18,7.2,7.42,7.3
2014-02-28,34270104.0,4787539.0,7.01,7.29,7.36,7.2
2014-03-03,48618652.0,6505881.0,7.02,7.6,7.63,7.29
2014-03-04,41501472.0,5490747.0,7.42,7.55,7.73,7.55
2014-03-05,47755412.0,6242975.0,7.52,7.59,7.79,7.7
2014-03-06,33871264.0,4539389.0,7.32,7.44,7.68,7.68
2014-03-07,39385304.0,5373237.0,7.2,7.25,7.47,7.47
2014-03-10,35755920.0,4987888.0,7.1,7.11,7.28,7.28
2014-03-11,24736094.0,3473289.0,6.9,7.18,7.22,7.0
2014-03-12,23163224.0,3230277.0,7.05,7.2,7.23,7.12
2014-03-13,22796774.0,3175999.0,7.11,7.2,7.24,7.2
2014-03-14,17849064.0,2495980.0,7.1,7.15,7.21,7.18
2014-03-17,19986488.0,2784921.0,7.08,7.21,7.23,7.13
2014-03-18,41579060.0,5725357.0,7.12,7.37,7.38,7.2
2014-03-19,39992084.0,5561842.0,7.1,7.18,7.3,7.25
2014-03-20,25631224.0,3570966.0,7.1,7.1,7.28,7.15
2014-03-21,33870156.0,4793224.0,6.9,7.19,7.19,7.05
2014-03-24,32849056.0,4618851.0,7.02,7.13,7.2,7.2
2014-03-25,25183762.0,3552096.0,7.02,7.1,7.17,7.12
2014-03-26,160054960.0,23910076.0,6.39,6.79,7.09,7.09
2014-03-27,101644640.0,15747413.0,6.21,6.43,6.65,6.57
2014-03-28,48341884.0,7680262.0,6.22,6.28,6.43,6.41
2014-03-31,27795456.0,4408679.0,6.24,6.32,6.4,6.26
2014-04-01,20876928.0,3320175.0,6.11,6.31,6.36,6.11
2014-04-02,21783830.0,3422200.0,6.27,6.34,6.43,6.31
2014-04-03,21824136.0,3456960.0,6.26,6.3,6.38,6.34
2014-04-04,33338302.0,5231015.0,6.28,6.41,6.42,6.3
2014-04-08,23556252.0,3681320.0,6.33,6.38,6.44,6.39
2014-04-09,29122550.0,4528890.0,6.37,6.45,6.47,6.38
2014-04-10,28772996.0,4479159.0,6.4,6.44,6.47,6.46
2014-04-11,25566990.0,4013469.0,6.34,6.36,6.44,6.44
2014-04-14,21588362.0,3365675.0,6.36,6.43,6.47,6.36
2014-04-15,23845122.0,3765302.0,6.3,6.32,6.42,6.42
2014-04-16,50762872.0,8278284.0,6.06,6.11,6.27,6.27
2014-04-17,21261728.0,3472006.0,6.09,6.1,6.17,6.1
2014-04-18,26052370.0,4272546.0,6.08,6.11,6.15,6.1
2014-04-21,35381388.0,5885791.0,5.96,5.97,6.09,6.08
2014-04-22,18934896.0,3163871.0,5.94,6.0,6.06,5.98
2014-04-23,23493332.0,3963136.0,5.88,5.9,6.0,5.99
2014-04-24,40771668.0,7155940.0,5.64,5.64,5.85,5.85
2014-04-25,60697904.0,11381603.0,5.25,5.28,5.63,5.63
2014-04-28,45011692.0,8996924.0,4.89,4.89,5.25,5.25
2014-04-29,23734762.0,4803925.0,4.82,5.0,5.01,4.88
2014-04-30,37978896.0,7008886.0,5.0,5.5,5.5,5.01
2014-05-05,114104720.0,19778520.0,5.57,5.77,5.96,5.6
2014-05-06,44635536.0,7859414.0,5.61,5.7,5.75,5.73
2014-05-07,35939364.0,6296653.0,5.6,5.6,5.83,5.7
2014-05-08,27136074.0,4780438.0,5.51,5.67,5.77,5.55
2014-05-09,31987698.0,5887664.0,5.25,5.36,5.67,5.66
2014-05-12,20275776.0,3709275.0,5.39,5.5,5.58,5.48
2014-05-13,17613644.0,3209870.0,5.44,5.52,5.55,5.5
2014-05-14,14573826.0,2643872.0,5.48,5.53,5.55,5.53
2014-05-15,18221988.0,3373458.0,5.31,5.37,5.52,5.52
2014-05-16,9393613.0,1750655.0,5.31,5.35,5.42,5.33
2014-05-19,10410774.0,1970699.0,5.22,5.25,5.38,5.35
2014-05-20,11014345.0,2096540.0,5.21,5.22,5.32,5.26
2014-05-21,12865235.0,2463796.0,5.13,5.3,5.34,5.2
2014-05-22,49807592.0,8960963.0,5.26,5.53,5.79,5.28
2014-05-23,20837654.0,3792265.0,5.43,5.49,5.59,5.43
2014-05-26,19584676.0,3590793.0,5.43,5.47,5.54,5.49
2014-05-27,17020412.0,3110393.0,5.43,5.48,5.53,5.46
2014-05-28,15065182.0,2760865.0,5.4,5.47,5.51,5.48
2014-05-29,38762748.0,7362067.0,5.21,5.22,5.4,5.4
2014-05-30,10767856.0,2057910.0,5.2,5.24,5.29,5.2
2014-06-03,17582520.0,3331698.0,5.2,5.3,5.34,5.25
2014-06-04,10549937.0,2006325.0,5.2,5.25,5.32,5.29
2014-06-05,20827472.0,3902189.0,5.21,5.39,5.43,5.27
2014-06-06,13669721.0,2545216.0,5.33,5.36,5.41,5.4
2014-06-09,12377265.0,2315799.0,5.23,5.28,5.4,5.37
2014-06-10,15463055.0,2944335.0,5.18,5.29,5.33,5.28
2014-06-11,15447849.0,2905843.0,5.26,5.32,5.37,5.29
2014-06-12,9164853.0,1734840.0,5.26,5.27,5.34,5.34
2014-06-13,32154708.0,5932802.0,5.23,5.45,5.56,5.27
2014-06-16,21462240.0,3928365.0,5.39,5.5,5.52,5.4
2014-06-17,62852524.0,11103694.0,5.43,5.7,5.78,5.48
2014-06-18,32183456.0,5698339.0,5.55,5.66,5.76,5.7
2014-06-19,44803632.0,7813279.0,5.65,5.72,5.85,5.66
2014-06-20,23789676.0,4152384.0,5.58,5.76,5.81,5.7
2014-06-23,56101648.0,9440967.0,5.73,6.0,6.1,5.75
2014-06-24,34484892.0,5792663.0,5.91,5.93,6.04,5.97
2014-06-25,25912968.0,4392020.0,5.8,5.82,6.0,5.93
2014-06-26,49383544.0,8252960.0,5.83,6.06,6.07,5.83
2014-06-27,81191088.0,12737812.0,6.01,6.27,6.6,6.06
2014-06-30,78960424.0,12100452.0,6.3,6.57,6.69,6.3
2014-07-01,47185648.0,7193413.0,6.48,6.59,6.63,6.57
2014-07-02,65975224.0,9909143.0,6.5,6.73,6.82,6.6
2014-07-03,99928280.0,14380266.0,6.68,6.98,7.23,6.73
2014-07-04,65863964.0,9578058.0,6.77,6.78,7.14,7.01
2014-07-07,63008664.0,9624965.0,6.42,6.58,6.73,6.73
2014-07-08,59569220.0,8900945.0,6.5,6.86,6.86,6.61
2014-07-09,73314128.0,10467018.0,6.7,6.9,7.11,6.87
2014-07-10,55915448.0,8185339.0,6.73,6.78,6.98,6.84
2014-07-11,31361178.0,4618165.0,6.68,6.8,6.91,6.76
2014-07-14,32215772.0,4778422.0,6.63,6.73,6.82,6.79
2014-07-15,32648588.0,4950623.0,6.54,6.6,6.72,6.7
2014-07-16,25703348.0,3858726.0,6.58,6.66,6.73,6.6
2014-07-17,49220848.0,7222140.0,6.64,6.84,6.9,6.7
2014-07-18,28080622.0,4124219.0,6.75,6.8,6.88,6.76
2014-07-21,33019146.0,4968901.0,6.49,6.55,6.85,6.83
2014-07-22,23237022.0,3520651.0,6.48,6.63,6.68,6.51
2014-07-23,46744416.0,7254505.0,6.36,6.46,6.56,6.42
2014-07-24,31438962.0,4903921.0,6.31,6.32,6.53,6.43
2014-07-25,39054080.0,6285947.0,6.15,6.19,6.56,6.32
2014-07-28,28828220.0,4613926.0,6.19,6.29,6.31,6.23
2014-07-29,67100032.0,10106494.0,6.29,6.92,6.92,6.3
2014-07-30,69839416.0,10117622.0,6.8,6.88,7.04,6.99
2014-07-31,35958660.0,5241910.0,6.78,6.9,6.94,6.87
2014-08-01,102570256.0,14369925.0,6.83,7.08,7.31,6.83
2014-08-04,59956156.0,8626959.0,6.83,7.02,7.09,7.0
2014-08-05,68920200.0,9702936.0,6.96,7.15,7.19,7.04
2014-08-06,49536484.0,7027745.0,7.0,7.04,7.14,7.03
2014-08-07,43243408.0,6241532.0,6.8,6.8,7.06,7.04
2014-08-08,63985104.0,9604687.0,6.5,6.69,6.84,6.78
2014-08-11,45222412.0,6677418.0,6.62,6.85,6.85,6.64
2014-08-12,28288024.0,4128928.0,6.81,6.87,6.9,6.84
2014-08-13,28180340.0,4145402.0,6.74,6.84,6.86,6.85
2014-08-14,43519988.0,6488619.0,6.61,6.69,6.82,6.79
2014-08-15,35830724.0,5370497.0,6.61,6.67,6.8,6.69
2014-08-18,261550592.0,35936856.0,6.67,7.34,7.34,6.67
2014-08-19,327527648.0,43816792.0,7.28,7.36,7.74,7.45
2014-08-20,120624968.0,16670882.0,7.12,7.23,7.34,7.27
2014-08-21,128547320.0,17423888.0,7.19,7.31,7.51,7.21
2014-08-22,53321888.0,7338195.0,7.21,7.29,7.38,7.29
2014-08-25,67463816.0,9191125.0,7.27,7.27,7.42,7.31
2014-08-26,60656792.0,8328169.0,7.16,7.21,7.4,7.23
2014-08-27,30251886.0,4195957.0,7.13,7.2,7.3,7.21
2014-08-28,122289520.0,16490429.0,7.06,7.45,7.7,7.2
2014-08-29,52898312.0,7146307.0,7.33,7.39,7.53,7.36
2014-09-01,56441812.0,7619514.0,7.35,7.43,7.49,7.41
2014-09-02,148030272.0,19357488.0,7.44,7.67,7.85,7.45
2014-09-03,96125440.0,12599844.0,7.51,7.65,7.75,7.61
2014-09-04,70768544.0,9298222.0,7.54,7.64,7.68,7.65
2014-09-05,129509464.0,16645474.0,7.64,7.86,7.89,7.66
2014-09-09,146171952.0,18115990.0,7.77,8.09,8.18,7.85
2014-09-10,89548400.0,11181229.0,7.92,8.04,8.13,8.13
2014-09-11,126169048.0,15800478.0,7.7,7.82,8.18,8.03
2014-09-12,71651488.0,9008322.0,7.76,7.95,8.05,7.8
2014-09-15,126159672.0,15651943.0,7.83,8.09,8.14,7.95
2014-09-16,131130176.0,16308908.0,7.93,7.96,8.25,8.1
2014-09-17,74556512.0,9366068.0,7.85,7.98,8.06,7.93
2014-09-18,92260832.0,11451530.0,7.94,7.99,8.15,8.0
2014-09-19,74690328.0,9350842.0,7.9,7.95,8.09,7.99
2014-09-22,88006488.0,11276528.0,7.71,7.75,8.0,8.0
2014-09-23,77184608.0,9986108.0,7.63,7.73,7.8,7.7
2014-09-24,74743696.0,9671059.0,7.67,7.74,7.8,7.73
2014-09-25,91335808.0,11522751.0,7.75,7.94,8.01,7.77
2014-09-26,74990696.0,9370580.0,7.91,7.97,8.09,8.03
2014-09-29,105330560.0,13361877.0,7.81,7.87,7.99,7.98
2014-09-30,74039880.0,9429551.0,7.78,7.78,7.99,7.85
2014-10-08,91157984.0,11637834.0,7.71,7.88,7.89,7.77
2014-10-09,80870576.0,10298088.0,7.78,7.82,7.94,7.9
2014-10-10,259964496.0,31551052.0,7.74,8.17,8.6,7.83
2014-10-13,176849168.0,22051002.0,7.9,8.03,8.15,8.15
2014-10-14,197090576.0,24034692.0,7.95,8.32,8.35,7.98
2014-10-15,156711760.0,18597592.0,8.25,8.47,8.5,8.32
2014-10-16,157439728.0,18557812.0,8.23,8.29,8.68,8.38
2014-10-17,126000800.0,15192305.0,8.07,8.4,8.46,8.15
2014-10-20,113292560.0,13266284.0,8.4,8.6,8.63,8.49
2014-10-21,86326048.0,10123433.0,8.41,8.45,8.73,8.52
2014-10-22,78525048.0,9427740.0,8.11,8.13,8.52,8.4
2014-10-23,62715376.0,7769231.0,7.88,7.98,8.26,8.19
2014-10-24,43070072.0,5381720.0,7.91,8.05,8.09,7.96
2014-10-27,54286400.0,6790859.0,7.77,8.1,8.16,8.07
2014-10-28,52837404.0,6455250.0,8.06,8.23,8.25,8.08
2014-10-29,61915536.0,7531962.0,8.15,8.24,8.34,8.23
2014-10-30,52741376.0,6398395.0,8.15,8.22,8.33,8.2
2014-10-31,54578612.0,6647045.0,8.15,8.2,8.35,8.25
2014-11-03,81524888.0,9851304.0,8.2,8.3,8.35,8.2
2014-11-04,94895408.0,11708848.0,7.96,8.01,8.31,8.3
2014-11-05,42390820.0,5309344.0,7.9,7.99,8.06,8.0
2014-11-06,53142140.0,6596822.0,7.94,8.14,8.19,7.94
2014-11-07,51433336.0,6376970.0,7.94,7.96,8.19,8.16
2014-11-10,47929112.0,5960470.0,8.0,8.01,8.11,8.0
2014-11-11,80510680.0,10226536.0,7.7,7.75,8.08,8.0
2014-11-12,29072296.0,3719738.0,7.73,7.83,7.89,7.74
2014-11-13,60561408.0,7954547.0,7.38,7.55,7.9,7.83
2014-11-14,43661556.0,5916899.0,7.3,7.37,7.55,7.54
2014-11-17,38050576.0,5096772.0,7.32,7.43,7.52,7.34
2014-11-18,28737480.0,3821830.0,7.38,7.55,7.6,7.43
2014-11-19,47873020.0,6213981.0,7.55,7.79,7.82,7.6
2014-11-20,38506128.0,4995300.0,7.63,7.65,7.8,7.8
2014-11-21,37388752.0,4903763.0,7.58,7.65,7.72,7.62
2014-11-24,94515736.0,12521707.0,7.43,7.5,7.77,7.69
2014-11-25,76104680.0,10148326.0,7.44,7.58,7.58,7.48
2014-11-26,58969392.0,7864982.0,7.4,7.49,7.59,7.55
2014-11-27,61796804.0,8263999.0,7.42,7.49,7.54,7.51
2014-11-28,96776808.0,12778200.0,7.42,7.65,7.7,7.49
2014-12-01,59179284.0,7891802.0,7.44,7.47,7.62,7.62
2014-12-02,59127388.0,7825013.0,7.44,7.54,7.65,7.48
2014-12-03,71372264.0,9578396.0,7.4,7.48,7.58,7.5
2014-12-04,83619400.0,11154025.0,7.42,7.52,7.58,7.49
2014-12-05,107112360.0,14715100.0,7.02,7.32,7.52,7.51
2014-12-08,240594272.0,31130028.0,7.25,8.05,8.05,7.27
2014-12-09,206512080.0,25613934.0,7.51,7.58,8.42,8.04
2014-12-10,87497856.0,11340785.0,7.36,7.77,7.92,7.7
2014-12-11,96178128.0,12300738.0,7.62,7.79,8.0,7.69
2014-12-12,55782828.0,7181964.0,7.68,7.79,7.88,7.83
2014-12-15,118851936.0,14785759.0,7.75,8.12,8.16,7.75
2014-12-16,71095232.0,8845349.0,7.91,8.01,8.19,8.1
2014-12-17,59317196.0,7545169.0,7.72,7.85,8.03,8.01
2014-12-18,47049300.0,6055248.0,7.67,7.77,7.85,7.8
2014-12-19,57697828.0,7582294.0,7.48,7.63,7.78,7.78
2014-12-22,89970792.0,12353607.0,7.0,7.12,7.63,7.63
2014-12-23,46380248.0,6395185.0,7.12,7.27,7.37,7.12
2014-12-24,36462808.0,5016151.0,7.17,7.35,7.36,7.27
2014-12-25,32067812.0,4349497.0,7.3,7.4,7.46,7.34
2015-05-19,1940649.0,238409.0,8.14,8.14,8.14,8.14
2015-05-20,645680.0,72143.0,8.95,8.95,8.95,8.95
2015-05-21,508418.0,51616.0,9.85,9.85,9.85,9.85
2015-05-22,1184422.0,109264.0,10.84,10.84,10.84,10.84
2015-05-25,1654818.0,138827.0,11.92,11.92,11.92,11.92
2015-05-26,1729366.0,131912.0,13.11,13.11,13.11,13.11
2015-05-27,9977616.0,691929.0,14.42,14.42,14.42,14.42
2015-05-28,28987814.0,1827731.0,15.86,15.86,15.86,15.86
2015-05-29,1626841728.0,98122536.0,14.7,17.45,17.45,17.45
2015-06-01,984870592.0,58898392.0,16.31,16.58,17.3,17.3
2015-06-02,936292352.0,57130900.0,15.73,16.99,17.34,16.21
2015-06-03,536525504.0,32942096.0,15.86,16.08,16.71,16.71
2015-06-04,437978144.0,27804292.0,14.86,15.7,16.35,16.13
2015-06-05,516224096.0,31910492.0,15.71,16.22,16.5,16.08
2015-06-08,538852864.0,32762344.0,16.1,16.43,16.99,16.3
2015-06-09,361836864.0,22812208.0,15.45,15.86,16.58,16.5
2015-06-10,382667072.0,24271096.0,15.18,16.09,16.21,15.71
2015-06-11,516944960.0,31402124.0,15.98,16.41,16.93,16.06
2015-06-12,777964928.0,45637692.0,16.2,17.58,17.99,16.43
2015-06-15,595533504.0,34213576.0,16.77,16.79,17.98,17.5
2015-06-16,349734688.0,21892236.0,15.4,15.68,16.59,16.59
2015-06-17,276572960.0,17325108.0,15.5,16.19,16.34,15.98
2015-06-18,248891872.0,15578338.0,15.18,15.47,16.35,16.19
2015-06-19,311985664.0,21736168.0,13.92,13.92,15.08,14.99
2015-06-23,305952544.0,23716728.0,12.53,12.82,13.9,13.45
2015-06-24,260412832.0,19932884.0,12.74,13.15,13.34,13.13
2015-06-25,243138336.0,18698140.0,11.84,12.5,13.37,13.17
2015-06-26,211777696.0,18495152.0,11.25,11.25,11.95,11.95
2015-06-29,258424944.0,24574664.0,10.13,10.13,11.55,11.4
2015-06-30,325684480.0,33007536.0,9.12,10.81,10.87,9.99
2015-07-01,270660928.0,25538208.0,9.9,9.9,10.9,10.5
2015-07-02,214519104.0,22955452.0,8.91,8.91,10.24,10.1
2015-07-03,227520560.0,27536896.0,8.02,8.02,9.08,8.42
2015-07-06,247526000.0,30729208.0,7.22,7.4,8.82,8.82
2015-07-13,8840870.0,1086102.0,8.14,8.14,8.14,8.14
2015-07-14,9320270.0,1041371.0,8.95,8.95,8.95,8.95
2015-07-15,386323584.0,42936768.0,8.14,8.18,9.5,9.5
2015-07-16,204005552.0,24938446.0,7.5,8.35,8.8,7.65
2015-07-17,240382880.0,27382984.0,8.34,9.03,9.15,8.48
2015-07-20,341860384.0,37406028.0,8.8,9.28,9.35,9.06
2015-07-21,391325728.0,41947280.0,8.91,9.62,9.64,9.1
2015-07-22,398643104.0,41344476.0,9.29,9.74,9.92,9.64
2015-07-23,371356544.0,37478728.0,9.58,10.14,10.18,9.7
2015-07-24,413985376.0,41073272.0,9.7,9.84,10.44,10.13
2015-07-27,263177792.0,28081066.0,8.86,8.86,9.88,9.54
2015-07-28,298439264.0,36260744.0,7.97,8.14,8.75,8.1
2015-07-29,195749360.0,23785262.0,7.82,8.63,8.67,8.3
2015-07-30,261272944.0,29767222.0,8.46,8.76,9.04,8.65
2015-07-31,162904416.0,19251930.0,8.02,8.29,8.69,8.59
2015-08-03,199637344.0,25702146.0,7.46,7.55,8.34,8.34
2015-08-04,228035456.0,29039508.0,7.55,8.21,8.21,7.6
2015-08-05,198172400.0,24486438.0,7.89,8.01,8.3,8.06
2015-08-14,2316519.0,262942.0,8.81,8.81,8.81,8.81
2015-08-17,5608882.0,578832.0,9.69,9.69,9.69,9.69
2015-08-18,1158915200.0,109070992.0,10.3,10.66,10.66,10.66
2015-08-19,1093990784.0,105630808.0,9.59,11.27,11.63,10.2
2015-08-20,617069056.0,58574424.0,10.14,10.14,10.96,10.76
2015-08-21,377685472.0,40309524.0,9.13,9.13,9.8,9.61
2015-08-24,137849888.0,16609900.0,8.22,8.22,8.62,8.51
2015-08-25,190962848.0,25724234.0,7.4,7.4,7.6,7.4
2015-08-26,255746448.0,35720356.0,6.66,6.69,7.64,7.4
2015-08-27,205976496.0,29929156.0,6.41,7.06,7.18,7.0
2015-08-28,260945088.0,35264124.0,7.08,7.75,7.75,7.16
2015-08-31,198555584.0,26853260.0,7.14,7.15,7.7,7.7
2015-09-01,153730080.0,23056252.0,6.45,6.45,7.1,7.1
2015-09-02,114543728.0,18272604.0,6.01,6.03,6.79,6.01
2015-09-07,116603144.0,18344836.0,6.18,6.35,6.5,6.2
2015-09-08,100602184.0,15503549.0,6.21,6.77,6.85,6.38
2015-09-09,174491984.0,25036732.0,6.65,7.1,7.15,6.71
2015-09-10,109818296.0,15739907.0,6.82,6.85,7.1,6.98
2015-09-11,97050592.0,14048630.0,6.76,7.03,7.05,6.82
2015-09-14,153397456.0,22721628.0,6.33,6.33,7.22,7.1
2015-09-15,102133912.0,16925488.0,5.79,5.82,6.35,6.12
2015-09-16,102274192.0,16667178.0,5.9,6.34,6.4,5.93
2015-09-17,129465736.0,20251766.0,6.14,6.15,6.7,6.38
2015-09-18,71580320.0,11503262.0,6.12,6.3,6.33,6.21
2015-09-21,88262384.0,13778251.0,6.13,6.49,6.54,6.2
2015-09-22,118627816.0,18079428.0,6.42,6.54,6.7,6.53
2015-09-23,123987864.0,19104446.0,6.32,6.63,6.69,6.41
2015-09-24,119727176.0,17969146.0,6.56,6.74,6.81,6.56
2015-09-25,119475352.0,18457712.0,6.23,6.3,6.73,6.66
2015-09-28,101091136.0,16436267.0,5.96,6.27,6.3,6.3
2015-09-29,68046208.0,11161306.0,6.02,6.09,6.18,6.12
2015-09-30,51174476.0,8299527.0,6.1,6.17,6.24,6.14
2015-10-08,99179912.0,15526426.0,6.29,6.39,6.47,6.37
2015-10-09,137483696.0,20949390.0,6.34,6.68,6.7,6.38
2015-10-12,191429056.0,27589104.0,6.7,7.04,7.13,6.84
2015-10-13,200844560.0,28242300.0,6.91,7.25,7.25,6.98
2015-10-14,168407072.0,23804076.0,6.99,7.0,7.22,7.14
2015-10-15,172079136.0,24055732.0,6.95,7.27,7.28,6.95
2015-10-16,270355680.0,36325456.0,7.2,7.54,7.59,7.34
2015-10-19,267048256.0,32925960.0,7.6,8.29,8.29,7.6
2015-10-20,517718464.0,61719424.0,8.01,8.41,8.75,8.6
2015-10-21,318471264.0,39820996.0,7.57,7.57,8.38,8.24
2015-10-22,261845712.0,33571184.0,7.5,8.04,8.04,7.5
2015-10-23,594740224.0,68327736.0,7.94,8.84,8.84,8.06
2015-10-26,680276352.0,75081424.0,8.8,8.86,9.6,9.01
2015-10-27,383565824.0,45406252.0,8.05,8.68,8.84,8.65
2015-10-28,312322048.0,35973024.0,8.47,8.54,8.9,8.55
2015-10-29,367920800.0,41464216.0,8.53,8.93,9.17,8.65
2015-10-30,281341792.0,32080548.0,8.64,8.7,8.96,8.88
2015-11-02,203838160.0,24596988.0,8.02,8.1,8.56,8.31
2015-11-03,124860736.0,15325034.0,8.01,8.09,8.27,8.15
2015-11-04,179807136.0,21365664.0,8.11,8.6,8.6,8.11
2015-11-05,239281504.0,28107252.0,8.3,8.62,8.71,8.54
2015-11-06,254162560.0,29014960.0,8.55,8.78,8.88,8.55
2015-11-09,248370384.0,28518158.0,8.46,8.83,8.94,8.64
2015-11-10,220176064.0,25201856.0,8.56,8.79,8.86,8.68
2015-11-11,380351040.0,41846464.0,8.72,9.17,9.4,8.8
2015-11-12,276008032.0,30864310.0,8.8,8.89,9.15,9.1
2015-11-13,437095488.0,47295160.0,8.69,9.18,9.73,8.76
2015-11-16,443464160.0,46803784.0,8.81,9.93,10.0,8.9
2015-11-17,366109216.0,37507008.0,9.54,9.7,9.97,9.81
2015-11-18,273155104.0,27974780.0,9.55,9.61,9.96,9.86
2015-11-19,239974240.0,25377180.0,9.28,9.63,9.7,9.6
2015-11-20,216229184.0,22724512.0,9.4,9.57,9.63,9.63
2015-11-23,309315616.0,31666332.0,9.43,9.75,10.1,9.57
2015-11-24,165861840.0,17247640.0,9.5,9.71,9.84,9.68
2015-11-25,194341584.0,19795428.0,9.59,9.83,9.98,9.65
2015-11-26,390702720.0,39075552.0,9.69,10.3,10.36,9.9
2015-11-27,342212256.0,34723712.0,9.27,9.28,10.5,10.15
2015-11-30,225532288.0,25055564.0,8.48,9.07,9.43,9.25
2015-12-01,163473072.0,17883440.0,8.9,9.14,9.34,9.1
2015-12-02,149104560.0,16651065.0,8.6,8.9,9.29,9.23
2015-12-03,114266776.0,12631207.0,8.9,9.1,9.14,8.99
2015-12-04,232452240.0,23707384.0,9.06,10.01,10.01,9.06
2015-12-07,741350784.0,70458448.0,10.15,10.75,10.95,10.39
2015-12-08,409507744.0,39886620.0,10.06,10.06,10.56,10.47
2015-12-09,298681216.0,29633144.0,9.83,9.95,10.37,9.9
2015-12-10,215709424.0,22020496.0,9.69,9.72,9.96,9.85
2015-12-11,169160464.0,17364206.0,9.61,9.67,9.89,9.66
2015-12-14,172501328.0,18110886.0,9.33,9.76,9.76,9.71
2015-12-15,183467728.0,18362198.0,9.78,9.94,10.23,9.78
2015-12-16,142957088.0,14400940.0,9.83,9.87,10.03,10.03
2015-12-17,257411200.0,25393234.0,9.91,10.18,10.33,9.93
2015-12-18,208362272.0,20788708.0,9.91,10.04,10.24,10.18
2015-12-21,205184192.0,20261784.0,10.0,10.23,10.24,10.09
2015-12-22,301277152.0,28537732.0,10.23,10.51,10.75,10.23
2015-12-23,435692704.0,40113776.0,10.34,10.78,11.45,10.49
2015-12-24,245878272.0,23424110.0,10.23,10.51,10.77,10.62
2015-12-25,167904544.0,15747125.0,10.48,10.61,10.82,10.48
2015-12-28,230090064.0,21801840.0,10.18,10.18,10.85,10.67
2015-12-29,140701120.0,13815144.0,10.01,10.22,10.36,10.25
2015-12-30,137194000.0,13229400.0,10.25,10.4,10.48,10.25
2015-12-31,158217312.0,15210064.0,10.06,10.1,10.69,10.45
2016-01-04,138672080.0,14541973.0,9.09,9.1,10.2,10.16
2016-01-05,185372400.0,21547034.0,8.19,8.59,9.04,8.57
2016-01-06,109318504.0,12463177.0,8.59,8.94,8.95,8.59
2016-01-07,26538500.0,3188100.0,8.05,8.05,8.76,8.76
2016-01-08,117278376.0,14498954.0,7.29,8.06,8.45,8.27
2016-01-11,115023856.0,15257063.0,7.25,7.25,8.02,7.8
2016-01-12,78909352.0,10825352.0,7.02,7.29,7.48,7.28
2016-01-13,77956488.0,10835775.0,6.9,6.92,7.47,7.39
2016-01-14,68431688.0,9890264.0,6.51,7.12,7.21,6.64
2016-01-15,100347744.0,13740623.0,6.96,7.1,7.68,7.2
2016-01-18,177288096.0,23363604.0,6.88,7.81,7.81,6.9
2016-01-19,264566864.0,31716524.0,7.82,8.59,8.59,8.04
2016-01-20,253660496.0,28921364.0,8.41,8.7,9.15,8.68
2016-01-21,175656112.0,20505172.0,8.26,8.52,8.9,8.55
2016-01-22,197254544.0,22454636.0,8.43,8.88,9.1,8.6
2016-01-25,157617536.0,17816736.0,8.68,8.85,9.08,9.0
2016-01-26,151854000.0,18312632.0,7.97,7.97,8.75,8.62
2016-01-27,166513376.0,21629050.0,7.28,8.27,8.28,8.0
2016-01-28,101758888.0,12806383.0,7.59,7.94,8.2,8.0
2016-01-29,137212224.0,16818242.0,7.82,8.38,8.55,7.99
2016-02-01,86347464.0,10663750.0,7.78,8.06,8.35,8.29
2016-02-02,120950368.0,14727522.0,8.05,8.29,8.4,8.29
2016-02-03,92645568.0,11418942.0,7.97,8.26,8.31,8.12
2016-02-04,133127768.0,15619802.0,8.23,8.58,8.78,8.25
2016-02-05,109113424.0,12660843.0,8.41,8.65,8.73,8.55
2016-02-15,71826824.0,8522045.0,8.23,8.58,8.66,8.25
2016-02-16,133628776.0,15008104.0,8.59,9.0,9.1,8.59
2016-02-17,167437200.0,18628224.0,8.68,9.2,9.38,8.88
2016-02-18,366540640.0,37756120.0,9.0,9.7,10.12,9.2
2016-02-19,219282736.0,22997054.0,9.4,9.5,9.8,9.5
2016-02-22,208176448.0,21420824.0,9.54,9.63,10.0,9.58
2016-02-23,220830864.0,22707110.0,9.42,9.91,10.01,9.62
2016-02-24,152279456.0,15607479.0,9.51,9.75,9.99,9.83
2016-02-25,157505920.0,17193752.0,8.78,8.78,9.65,9.6
2016-02-26,108826840.0,12392763.0,8.47,8.88,9.0,8.88
2016-02-29,101494960.0,12420794.0,7.99,8.0,8.87,8.87
2016-03-01,73099480.0,8968761.0,7.95,8.24,8.31,8.0
2016-03-02,119527280.0,14081166.0,8.16,8.65,8.86,8.22
2016-03-03,207599168.0,23274802.0,8.59,8.93,9.33,8.6
2016-03-04,127503320.0,14795319.0,8.3,8.45,8.95,8.82
2016-03-07,113191808.0,12946147.0,8.51,8.8,8.93,8.51
2016-03-08,109533832.0,12956667.0,8.2,8.64,8.78,8.78
2016-03-09,75555072.0,8864697.0,8.28,8.53,8.72,8.36
2016-03-10,62316072.0,7388316.0,8.25,8.29,8.6,8.56
2016-03-11,78683656.0,9567358.0,8.0,8.4,8.46,8.13
2016-03-14,122348608.0,14284992.0,8.31,8.55,8.72,8.47
2016-03-15,126356056.0,14630437.0,8.4,8.66,8.78,8.5
2016-03-16,109197016.0,12880829.0,8.25,8.32,8.84,8.73
2016-03-17,116268984.0,13829169.0,8.26,8.45,8.55,8.3
2016-03-18,211198128.0,24495046.0,8.45,8.67,8.75,8.45
2016-03-21,297550208.0,33674368.0,8.68,8.96,8.99,8.72
2016-03-22,148491456.0,16908568.0,8.66,8.75,8.86,8.86
2016-03-23,132140536.0,14991525.0,8.71,8.89,8.91,8.74
2016-03-24,154291712.0,17732738.0,8.53,8.53,8.85,8.81
2016-03-25,80711200.0,9451456.0,8.4,8.62,8.63,8.49
2016-03-28,105700272.0,12194275.0,8.47,8.5,8.93,8.66
2016-03-29,98168408.0,11854397.0,8.12,8.2,8.53,8.48
2016-03-30,80758608.0,9697031.0,8.21,8.43,8.46,8.28
2016-03-31,90710896.0,10823883.0,8.32,8.33,8.49,8.44
2016-04-01,79189928.0,9613260.0,8.08,8.32,8.4,8.35
2016-04-05,129417552.0,15335111.0,8.26,8.5,8.54,8.31
2016-04-06,124243464.0,14647804.0,8.4,8.52,8.57,8.43
2016-04-07,109348936.0,12928951.0,8.31,8.33,8.55,8.52
2016-04-08,86390488.0,10570460.0,8.09,8.18,8.35,8.35
2016-04-11,94542104.0,11375150.0,8.22,8.33,8.39,8.24
2016-04-12,79445184.0,9731425.0,8.02,8.14,8.33,8.33
2016-04-13,105806456.0,12781186.0,8.15,8.25,8.33,8.17
2016-04-14,106131048.0,12616208.0,8.33,8.43,8.54,8.45
2016-04-15,295747392.0,33841388.0,8.46,8.73,8.88,8.47
2016-04-18,130744592.0,15419111.0,8.39,8.46,8.66,8.55
2016-04-19,188427280.0,21602682.0,8.5,8.71,8.86,8.5
2016-04-20,225090576.0,26063326.0,8.1,8.6,8.93,8.68
2016-04-21,248612112.0,28267942.0,8.41,8.85,8.93,8.49
2016-04-22,335988064.0,36690488.0,8.73,8.96,9.7,8.83
2016-04-25,147700352.0,16914464.0,8.59,8.75,8.86,8.7
2016-04-26,234499360.0,25838390.0,8.76,9.24,9.34,8.76
2016-04-27,212459120.0,23320436.0,8.94,9.02,9.3,9.2
2016-04-28,138767984.0,15504419.0,8.76,9.04,9.16,8.98
2016-04-29,83882712.0,9343553.0,8.89,8.91,9.08,8.94
2016-05-03,157704592.0,17406724.0,8.83,9.22,9.23,8.94
2016-05-04,143972464.0,15649773.0,9.13,9.19,9.29,9.14
2016-05-05,222888048.0,23759448.0,9.14,9.45,9.55,9.17
2016-05-06,232332336.0,25162712.0,9.03,9.18,9.48,9.38
2016-05-09,464758176.0,49637560.0,9.0,9.12,9.62,9.31
2016-05-10,216991776.0,25388642.0,8.27,8.49,8.87,8.7
2016-05-11,122304438.0,14689123.0,8.12,8.19,8.6,8.5
2016-05-12,92993925.0,11733885.0,7.8,7.99,8.06,8.05
2016-05-13,71646550.0,8851810.0,7.97,8.03,8.22,8.0
2016-05-16,68160653.0,8513432.0,7.82,8.14,8.16,8.07
2016-05-17,64691214.0,7932612.0,8.08,8.15,8.24,8.14
2016-05-18,88888323.0,11388153.0,7.56,7.67,8.15,8.15
2016-05-19,62470915.0,8089942.0,7.6,7.62,7.85,7.68
2016-05-20,64477980.0,8558441.0,7.42,7.63,7.63,7.55
2016-05-23,62281982.0,8125057.0,7.58,7.67,7.73,7.64
2016-05-24,45634356.0,6037911.0,7.5,7.57,7.65,7.62
2016-05-25,53947491.0,7093504.0,7.5,7.56,7.67,7.61
2016-05-26,71158524.0,9678740.0,7.19,7.46,7.6,7.56
2016-05-27,59969200.0,7985580.0,7.32,7.53,7.66,7.48
2016-05-30,33682178.0,4546252.0,7.28,7.39,7.48,7.46
2016-05-31,83778668.0,11000367.0,7.4,7.74,7.74,7.45
2016-06-01,76401104.0,9832169.0,7.69,7.73,7.98,7.72
2016-06-02,61086136.0,7874101.0,7.68,7.81,7.83,7.77
2016-06-03,65819492.0,8407478.0,7.79,7.81,7.88,7.84
2016-06-06,69130650.0,8791301.0,7.75,7.84,7.96,7.81
2016-06-07,61439727.0,7891024.0,7.72,7.87,7.87,7.81
2016-06-08,53815232.0,6928313.0,7.69,7.76,7.89,7.89
2016-06-13,66424418.0,8822005.0,7.3,7.3,7.66,7.65
2016-06-14,38682224.0,5257109.0,7.24,7.42,7.46,7.33
2016-06-15,58252599.0,7715027.0,7.32,7.64,7.64,7.35
2016-06-16,46362822.0,6066340.0,7.58,7.65,7.72,7.67
2016-06-17,64154189.0,8289221.0,7.61,7.7,7.93,7.65
2016-06-20,62410310.0,8276342.0,7.48,7.53,7.68,7.68
2016-06-21,56397521.0,7550092.0,7.32,7.34,7.62,7.56
2016-06-22,43647357.0,5851967.0,7.32,7.53,7.53,7.35
2016-06-23,41065052.0,5468660.0,7.47,7.48,7.57,7.5
2016-06-24,50243536.0,6761662.0,7.23,7.42,7.58,7.52
2016-06-27,45035326.0,6026634.0,7.35,7.53,7.53,7.4
2016-06-28,145839591.0,18861675.0,7.44,7.82,7.9,7.47
2016-06-29,90327496.0,11550405.0,7.75,7.8,7.94,7.8
2016-06-30,58614322.0,7497154.0,7.75,7.83,7.91,7.8
2016-07-01,54424840.0,7012933.0,7.68,7.74,7.88,7.85
2016-07-04,91627573.0,11680754.0,7.66,7.83,7.93,7.7
2016-07-05,81118391.0,10401997.0,7.76,7.79,7.86,7.84
2016-07-06,111135808.0,14091512.0,7.76,7.93,7.95,7.78
2016-07-07,90099624.0,11514840.0,7.75,7.84,7.92,7.89
2016-07-08,66425775.0,8477529.0,7.79,7.83,7.95,7.8
2016-07-11,78629188.0,10006474.0,7.76,7.77,8.01,7.81
2016-07-12,76541507.0,9877739.0,7.65,7.84,7.87,7.77
2016-07-13,84617718.0,10785793.0,7.81,7.86,7.88,7.85
2016-07-14,97327019.0,12367849.0,7.79,7.92,7.94,7.83
2016-07-15,67956644.0,8642502.0,7.81,7.84,7.93,7.91
2016-07-18,74966817.0,9621694.0,7.7,7.83,7.88,7.85
2016-07-19,42790976.0,5492479.0,7.74,7.85,7.86,7.8
2016-07-20,232396490.0,28685333.0,7.82,8.14,8.43,7.85
2016-07-21,130934775.0,16176605.0,8.0,8.05,8.2,8.09
2016-07-22,108144441.0,13410305.0,7.97,8.0,8.19,8.09
2016-07-25,78034639.0,9699480.0,7.93,8.07,8.12,7.99
2016-07-26,78096075.0,9658374.0,8.01,8.1,8.15,8.07
2016-07-27,140741866.0,17680967.0,7.6,7.74,8.19,8.1
2016-07-28,58299077.0,7575001.0,7.58,7.71,7.79,7.79
2016-07-29,50196015.0,6458247.0,7.67,7.69,7.93,7.68
2016-08-01,44288821.0,5920791.0,7.38,7.49,7.68,7.68
2016-08-02,52975672.0,7117186.0,7.4,7.47,7.53,7.5
2016-08-03,49709340.0,6605669.0,7.41,7.55,7.59,7.46
2016-08-04,71848765.0,9582880.0,7.38,7.62,7.64,7.52
2016-08-05,44940334.0,5963515.0,7.5,7.51,7.6,7.58
2016-08-08,48392097.0,6453626.0,7.41,7.56,7.57,7.51
2016-08-09,54852397.0,7219858.0,7.56,7.62,7.63,7.6
2016-08-10,50866705.0,6706513.0,7.52,7.58,7.65,7.62
2016-08-11,38958677.0,5185930.0,7.45,7.46,7.59,7.57
2016-08-12,36632992.0,4901950.0,7.41,7.52,7.54,7.51
2016-08-15,77969200.0,10254573.0,7.5,7.64,7.68,7.53
2016-08-16,79316377.0,10254024.0,7.64,7.75,7.92,7.64
2016-08-17,66009675.0,8549823.0,7.65,7.73,7.78,7.73
2016-08-18,78013203.0,10070937.0,7.67,7.76,7.8,7.72
2016-08-19,102633303.0,13299565.0,7.67,7.74,7.81,7.76
2016-08-22,73211315.0,9486402.0,7.66,7.73,7.78,7.74
2016-08-23,91959541.0,11873989.0,7.66,7.77,7.81,7.74
2016-08-24,222961435.0,28018544.0,7.8,7.88,8.13,7.8
2016-08-25,100993689.0,13136204.0,7.62,7.67,7.8,7.8
2016-08-26,226723591.0,28365961.0,7.68,7.99,8.26,7.69
2016-08-29,301934881.0,36412650.0,7.99,8.32,8.5,8.02
2016-08-30,201810840.0,24511368.0,8.09,8.18,8.46,8.37
2016-08-31,205852594.0,24641978.0,8.13,8.34,8.45,8.18
2016-09-01,219637101.0,26095358.0,8.27,8.34,8.55,8.28
2016-09-02,149050733.0,18284713.0,8.05,8.11,8.33,8.23
2016-09-05,144494122.0,17423735.0,8.13,8.23,8.44,8.18
2016-09-06,330079191.0,38902568.0,8.02,8.61,8.82,8.23
2016-09-07,791106020.0,86449519.0,8.46,9.3,9.47,8.5
2016-09-08,456310409.0,50821021.0,8.83,9.01,9.15,9.11
2016-09-09,252334710.0,28411292.0,8.76,8.82,9.06,8.97
2016-09-12,319400590.0,35922850.0,8.6,8.81,9.06,8.7
2016-09-13,187618664.0,21090082.0,8.75,8.9,9.05,8.85
2016-09-14,151704998.0,17486192.0,8.6,8.61,8.83,8.78
2016-09-19,91048168.0,10473582.0,8.61,8.71,8.76,8.62
2016-09-20,204170585.0,22840855.0,8.75,8.88,9.07,8.76
2016-09-21,107297634.0,12293075.0,8.67,8.71,8.85,8.78
2016-09-22,135105004.0,15319952.0,8.7,8.83,8.95,8.7
2016-09-23,173832256.0,19461424.0,8.81,8.93,9.02,8.84
2016-09-26,152403054.0,17149963.0,8.68,8.76,9.02,8.88
2016-09-27,150906884.0,17810107.0,8.35,8.52,8.78,8.71
2016-09-28,81918564.0,9799656.0,8.26,8.3,8.5,8.5
2016-09-29,57527188.0,6880003.0,8.29,8.31,8.43,8.3
2016-09-30,68472701.0,8219486.0,8.24,8.41,8.44,8.33
2016-10-10,80109751.0,9379995.0,8.43,8.57,8.62,8.43
2016-10-11,112773699.0,13285028.0,8.41,8.53,8.6,8.59
2016-10-12,101245162.0,11910567.0,8.41,8.57,8.59,8.49
2016-10-13,113853177.0,13201856.0,8.52,8.63,8.67,8.54
2016-10-14,458805032.0,53701439.0,7.81,8.73,9.1,8.08
2016-10-17,307964165.0,36127598.0,8.35,8.38,8.84,8.61
2016-10-18,193974666.0,23434261.0,8.15,8.39,8.41,8.27
2016-10-19,131492857.0,15859754.0,8.2,8.24,8.39,8.32
2016-10-20,98279688.0,11906710.0,8.22,8.28,8.33,8.22
2016-10-21,109034808.0,13174826.0,8.16,8.24,8.39,8.36
2016-10-24,263268911.0,33238825.0,7.78,8.02,8.06,7.99
2016-10-25,129577386.0,16313642.0,7.9,7.95,8.0,8.0
2016-10-26,89348609.0,11233102.0,7.91,7.97,7.99,7.91
2016-10-27,80128048.0,10141064.0,7.86,7.91,7.97,7.96
2016-10-28,84774031.0,10804800.0,7.78,7.79,7.93,7.9
2016-10-31,70130806.0,9047625.0,7.7,7.79,7.83,7.81
2016-11-01,76230165.0,9695427.0,7.77,7.9,7.92,7.78
2016-11-02,148920829.0,18686532.0,7.83,7.91,8.07,7.86
2016-11-03,90983890.0,11507854.0,7.83,7.93,7.98,7.91
2016-11-04,82329883.0,10403368.0,7.86,7.91,7.98,7.93
2016-11-07,72003538.0,9111034.0,7.85,7.91,7.95,7.94
2016-11-08,71820639.0,9106099.0,7.85,7.9,7.93,7.9
2016-11-09,156952082.0,19827580.0,7.75,7.96,8.1,7.88
2016-11-10,177693921.0,21939646.0,8.03,8.06,8.26,8.15
2016-11-11,391858985.0,46584699.0,8.02,8.41,8.65,8.02
2016-11-14,250288233.0,30721062.0,8.06,8.13,8.25,8.18
2016-11-15,132103003.0,16312674.0,8.05,8.13,8.15,8.1
2016-11-16,102937055.0,12667985.0,8.08,8.15,8.19,8.13
2016-11-17,93458867.0,11585767.0,8.03,8.07,8.15,8.11
2016-11-18,119308516.0,14953725.0,7.9,7.9,8.09,8.08
2016-11-21,70703756.0,8951977.0,7.84,7.9,7.95,7.89
2016-11-22,71938889.0,9076372.0,7.89,7.96,7.96,7.9
2016-11-23,78296845.0,9863336.0,7.9,7.94,7.99,7.96
2016-11-24,69289652.0,8783346.0,7.82,7.87,7.94,7.94
2016-11-25,70678258.0,9053877.0,7.74,7.86,7.9,7.86
2016-11-28,78891597.0,9970704.0,7.87,7.93,7.96,7.88
2016-11-29,63450303.0,8069466.0,7.8,7.8,7.93,7.91
2016-11-30,41861375.0,5379626.0,7.74,7.77,7.83,7.8
2016-12-01,44025168.0,5659302.0,7.74,7.8,7.81,7.74
2016-12-02,59228429.0,7687874.0,7.62,7.63,7.8,7.8
2016-12-05,40578216.0,5367223.0,7.53,7.54,7.64,7.63
2016-12-06,32445358.0,4268170.0,7.55,7.6,7.64,7.56
2016-12-07,34124582.0,4477628.0,7.56,7.68,7.68,7.62
2016-12-08,36546817.0,4756515.0,7.64,7.66,7.72,7.68
2016-12-09,29346844.0,3839975.0,7.61,7.62,7.69,7.66
2016-12-12,70629837.0,9607240.0,7.1,7.13,7.66,7.63
2016-12-13,64065038.0,9201752.0,6.9,7.01,7.1,7.1
2016-12-14,46154156.0,6673894.0,6.82,6.91,7.01,7.0
2016-12-15,39266804.0,5654011.0,6.85,6.97,7.02,6.88
2016-12-16,40470171.0,5772417.0,6.93,7.07,7.07,6.94
2016-12-19,69988720.0,9768700.0,7.03,7.15,7.24,7.05
2016-12-20,31115450.0,4336386.0,7.13,7.17,7.23,7.15
2016-12-21,91922633.0,11673456.0,7.7,7.89,7.89,7.7
2016-12-22,414219897.0,51629927.0,7.72,7.74,8.22,8.22
2016-12-23,223157005.0,28827322.0,7.52,7.64,7.95,7.58
2016-12-26,131678941.0,17974145.0,7.2,7.37,7.48,7.48
2016-12-27,324633949.0,41605086.0,7.32,8.11,8.11,7.35
2016-12-28,466482549.0,57370490.0,7.92,8.02,8.35,8.12
2016-12-29,223970804.0,28347123.0,7.76,7.94,8.07,7.94
2016-12-30,174353489.0,22434500.0,7.63,7.69,7.95,7.86
2017-01-03,127736259.0,16491139.0,7.62,7.79,7.83,7.71
2017-01-04,192750927.0,24794438.0,7.65,7.83,7.9,7.72
2017-01-05,158450318.0,20265466.0,7.71,7.81,7.92,7.77
2017-01-06,115057545.0,14923010.0,7.63,7.71,7.8,7.8
2017-01-09,79043936.0,10208992.0,7.65,7.78,7.78,7.73
2017-01-10,65292274.0,8440204.0,7.69,7.71,7.81,7.74
2017-01-11,111794670.0,14815200.0,7.4,7.41,7.71,7.66
2017-01-12,65218893.0,8873117.0,7.27,7.27,7.45,7.41
2017-01-13,85663946.0,12093662.0,7.03,7.06,7.16,7.14
2017-01-16,72258819.0,10562401.0,6.4,6.81,7.05,7.05
2017-01-17,34894007.0,5117354.0,6.67,6.88,6.91,6.75
2017-01-18,29402195.0,4288518.0,6.81,6.83,6.91,6.87
2017-01-19,25186822.0,3720900.0,6.7,6.79,6.85,6.83
2017-01-20,34891705.0,5090097.0,6.72,6.88,6.89,6.72
2017-01-23,30527975.0,4386901.0,6.89,6.97,6.99,6.89
2017-01-24,37872909.0,5361738.0,6.97,7.04,7.14,6.99
2017-01-25,21988631.0,3127032.0,6.96,7.05,7.06,7.03
2017-01-26,28183185.0,3967400.0,7.06,7.11,7.14,7.08
2017-02-03,25240130.0,3591602.0,6.99,7.01,7.13,7.12
2017-02-06,113467913.0,15479885.0,6.91,7.31,7.64,7.01
2017-02-07,220741795.0,31087492.0,7.02,7.12,7.26,7.26
2017-02-08,108776706.0,15380930.0,7.03,7.1,7.12,7.09
2017-02-09,151002434.0,21388904.0,6.99,7.09,7.09,7.04
2017-02-10,124148945.0,17485366.0,7.06,7.12,7.15,7.08
2017-02-13,97581510.0,13750650.0,7.05,7.12,7.14,7.1
2017-02-14,76325595.0,10813138.0,7.03,7.05,7.1,7.1
2017-02-15,94800034.0,13413333.0,7.01,7.06,7.15,7.05
2017-02-16,68284907.0,9669552.0,7.03,7.07,7.09,7.05
2017-02-17,155983456.0,21826779.0,7.07,7.11,7.27,7.17
2017-02-20,61851749.0,8726564.0,7.02,7.12,7.13,7.05
2017-02-21,95972400.0,13460026.0,7.08,7.17,7.18,7.13
2017-02-22,69501473.0,9721258.0,7.12,7.17,7.18,7.17
2017-02-23,92667683.0,12902892.0,7.13,7.2,7.26,7.18
2017-02-24,67176452.0,9387564.0,7.13,7.17,7.2,7.19
2017-02-27,66136716.0,9272800.0,7.08,7.08,7.2,7.16
2017-02-28,72939807.0,10298940.0,7.04,7.09,7.11,7.08
2017-03-01,80732946.0,11412640.0,7.04,7.08,7.11,7.06
2017-03-02,123448826.0,17673508.0,6.93,6.94,7.09,7.09
2017-03-03,64700966.0,9330001.0,6.86,6.97,7.0,6.89
2017-03-06,78425605.0,11187604.0,6.68,7.07,7.07,6.93
2017-03-07,66379703.0,9372800.0,7.01,7.09,7.14,7.12
2017-03-08,54414566.0,7686700.0,7.03,7.09,7.12,7.09
2017-03-09,74441609.0,10661099.0,6.91,6.99,7.07,7.07
2017-03-10,34099186.0,4899588.0,6.93,6.96,6.99,6.98
2017-03-13,42792592.0,6153718.0,6.9,6.98,6.99,6.95
2017-03-14,69871212.0,10077815.0,6.91,6.92,6.97,6.96
2017-03-15,118748150.0,17023374.0,6.86,7.06,7.08,6.9
2017-03-16,99536205.0,14191588.0,6.98,7.03,7.05,7.0
2017-03-17,68279277.0,9747788.0,6.93,6.94,7.06,7.0
2017-03-20,46303146.0,6671448.0,6.89,6.96,7.0,6.92
2017-03-21,286469103.0,39737713.0,7.1,7.12,7.49,7.32
2017-03-22,129726233.0,18482507.0,6.97,6.98,7.09,7.06
2017-03-23,93844202.0,13523378.0,6.87,6.92,7.01,6.97
2017-03-24,58911594.0,8523467.0,6.86,6.93,6.96,6.86
2017-03-27,49128801.0,7089670.0,6.9,6.9,6.97,6.93
2017-03-28,38072279.0,5512644.0,6.88,6.9,6.94,6.92
2017-03-29,62027605.0,8985419.0,6.85,6.89,6.96,6.87
2017-03-30,77770250.0,11443961.0,6.73,6.76,6.91,6.91
2017-03-31,40871723.0,6030119.0,6.74,6.78,6.84,6.75
2017-04-05,96872490.0,14024953.0,6.84,6.94,6.95,6.85
2017-04-06,160167222.0,22693982.0,6.89,7.11,7.18,6.96
2017-04-07,91124623.0,12915875.0,6.99,7.06,7.13,7.07
2017-04-10,99556145.0,14083640.0,6.96,7.04,7.15,7.02
2017-04-11,269326226.0,37486278.0,6.85,7.38,7.56,7.02
2017-04-12,259121532.0,35490231.0,7.19,7.29,7.48,7.29
2017-04-13,155857849.0,21960548.0,6.93,7.1,7.19,7.17
2017-04-14,118139049.0,16608004.0,7.0,7.03,7.21,7.1
2017-04-17,92902505.0,13540896.0,6.78,6.83,7.0,6.94
2017-04-18,49915438.0,7299014.0,6.75,6.76,6.92,6.84
2017-04-19,77597729.0,11788882.0,6.48,6.59,6.77,6.76
2017-04-20,32892962.0,5000705.0,6.51,6.57,6.64,6.6
2017-04-21,34493157.0,5253689.0,6.49,6.58,6.63,6.6
2017-04-24,49142421.0,7695547.0,6.33,6.34,6.57,6.57
2017-04-25,57893111.0,9140141.0,6.15,6.41,6.44,6.15
2017-04-26,42601083.0,6762911.0,6.23,6.27,6.42,6.4
2017-04-27,64361497.0,10429722.0,6.02,6.25,6.29,6.25
2017-04-28,38994896.0,6292400.0,6.16,6.23,6.23,6.22
2017-05-02,27287235.0,4392041.0,6.18,6.19,6.26,6.25
2017-05-03,37122489.0,6031901.0,6.1,6.15,6.21,6.19
2017-05-04,40299181.0,6574408.0,6.07,6.13,6.18,6.13
2017-05-05,51389026.0,8374800.0,6.09,6.1,6.18,6.16
2017-05-08,33718328.0,5616000.0,5.86,5.86,6.1,6.1
2017-05-09,45806633.0,7805384.0,5.81,5.86,5.94,5.86
2017-05-10,42399808.0,7305800.0,5.6,5.62,5.91,5.87
2017-05-11,57093986.0,10584306.0,5.18,5.41,5.57,5.52
2017-05-12,35663438.0,6700710.0,5.24,5.35,5.38,5.37
2017-05-15,33476523.0,6257696.0,5.3,5.32,5.4,5.34
2017-05-16,50475088.0,9517865.0,5.2,5.39,5.39,5.32
2017-05-17,53733185.0,9893200.0,5.36,5.42,5.49,5.38
2017-05-18,96938303.0,17381303.0,5.32,5.53,5.79,5.37
2017-05-19,53993851.0,9952805.0,5.38,5.43,5.49,5.45
2017-05-22,45174526.0,8503886.0,5.21,5.23,5.41,5.41
2017-05-23,45271154.0,8849602.0,5.0,5.01,5.24,5.23
2017-05-24,40529210.0,8214904.0,4.82,4.95,5.02,5.0
2017-05-25,64577029.0,13020066.0,4.88,4.99,5.01,4.93
2017-05-26,44573000.0,8964066.0,4.91,4.91,5.02,4.97
2017-05-31,43584627.0,8738157.0,4.94,4.98,5.03,4.98
2017-06-01,57750214.0,11951354.0,4.66,4.71,5.0,4.98
2017-06-02,67946113.0,14320564.0,4.57,4.95,4.95,4.66
2017-06-05,54070318.0,11105342.0,4.79,4.88,4.93,4.82
2017-06-06,39019202.0,7972503.0,4.85,4.92,4.93,4.88
2017-06-07,145998972.0,28189167.0,4.9,5.41,5.41,4.92
2017-06-08,166218064.0,31139413.0,5.19,5.29,5.47,5.19
2017-06-09,128267490.0,23994154.0,5.2,5.33,5.44,5.2
2017-06-12,69772255.0,13497000.0,5.11,5.13,5.28,5.28
2017-06-13,44167764.0,8549816.0,5.1,5.21,5.22,5.11
2017-06-14,36261993.0,6999700.0,5.14,5.18,5.23,5.19
2017-06-15,49750440.0,9463297.0,5.18,5.27,5.3,5.19
2017-06-16,44727222.0,8526406.0,5.21,5.26,5.31,5.25
2017-06-19,33813076.0,6461171.0,5.21,5.24,5.26,5.24
2017-06-20,43181031.0,8179773.0,5.24,5.26,5.31,5.25
2017-06-21,34293375.0,6575954.0,5.15,5.23,5.3,5.27
2017-06-22,31526358.0,6082000.0,5.07,5.12,5.25,5.23
2017-06-23,35998677.0,7155687.0,4.94,5.06,5.12,5.11
2017-06-26,24346784.0,4788588.0,5.02,5.13,5.13,5.05
2017-06-27,22995975.0,4477327.0,5.1,5.13,5.18,5.13
2017-06-28,18908646.0,3721900.0,5.04,5.06,5.11,5.11
2017-06-29,21574835.0,4234400.0,5.06,5.09,5.13,5.06
2017-06-30,22368981.0,4430304.0,5.02,5.05,5.08,5.08
2017-07-03,23246958.0,4576000.0,5.03,5.11,5.12,5.06
2017-07-04,24225103.0,4749510.0,5.07,5.09,5.15,5.11
2017-07-05,32311555.0,6283281.0,5.07,5.15,5.18,5.1
2017-07-06,30287024.0,5885500.0,5.09,5.14,5.19,5.15
2017-07-07,94368727.0,17802829.0,5.24,5.28,5.37,5.24
2017-07-10,47014914.0,9016231.0,5.18,5.22,5.27,5.23
2017-07-11,32193542.0,6212040.0,5.13,5.13,5.22,5.22
2017-07-12,32742667.0,6440755.0,5.02,5.1,5.16,5.12
2017-07-13,28323820.0,5559815.0,5.04,5.1,5.13,5.09
2017-07-14,18304336.0,3592222.0,5.06,5.08,5.14,5.1
2017-07-17,65800214.0,13826820.0,4.61,4.67,4.95,4.93
2017-07-18,30344822.0,6495745.0,4.61,4.72,4.72,4.67
2017-07-19,28693994.0,6086830.0,4.66,4.75,4.77,4.71
2017-07-20,30847717.0,6422120.0,4.75,4.78,4.86,4.76
2017-07-21,19115499.0,3985000.0,4.74,4.8,4.83,4.78
2017-07-24,26864004.0,5557500.0,4.77,4.86,4.9,4.79
2017-07-25,17937096.0,3706800.0,4.81,4.82,4.89,4.89
2017-07-26,22030320.0,4598887.0,4.75,4.84,4.86,4.83
2017-07-27,29993413.0,6180972.0,4.76,4.89,4.91,4.83
2017-07-28,21600109.0,4406992.0,4.87,4.9,4.93,4.91
2017-07-31,18691871.0,3818157.0,4.84,4.91,4.92,4.92
2017-08-01,22172693.0,4519425.0,4.87,4.91,4.93,4.92
2017-08-02,26372294.0,5410561.0,4.79,4.8,4.92,4.91
2017-08-03,23537812.0,4826822.0,4.8,4.88,4.91,4.83
2017-08-04,28951951.0,5912089.0,4.87,4.89,4.92,4.88
2017-08-07,21554206.0,4401238.0,4.88,4.89,4.92,4.89
2017-08-08,29636353.0,6068327.0,4.84,4.91,4.93,4.88
2017-08-09,20757444.0,4244300.0,4.88,4.89,4.91,4.9
2017-08-10,18992860.0,3912735.0,4.8,4.83,4.91,4.91
2017-08-11,25031611.0,5246173.0,4.74,4.75,4.83,4.81
2017-08-14,22228911.0,4640900.0,4.72,4.82,4.83,4.74
2017-08-15,24241436.0,5028400.0,4.79,4.83,4.85,4.82
2017-08-16,29478595.0,6061104.0,4.81,4.89,4.91,4.83
2017-08-17,61204857.0,12358938.0,4.87,4.98,5.05,4.9
2017-08-18,39185466.0,7945520.0,4.9,4.92,4.97,4.94
2017-08-21,26766548.0,5420801.0,4.9,4.95,4.97,4.9
2017-08-22,24033118.0,4892600.0,4.88,4.89,4.96,4.93
2017-08-23,20264415.0,4138790.0,4.86,4.91,4.93,4.87
2017-08-24,45102040.0,9130019.0,4.87,4.98,4.98,4.9
2017-08-25,63697922.0,12782341.0,4.9,5.0,5.03,4.97
2017-08-28,39302770.0,7804541.0,4.96,5.04,5.06,4.99
2017-08-29,47494081.0,9390971.0,5.0,5.08,5.12,5.04
2017-08-30,30832830.0,6087877.0,5.03,5.07,5.1,5.08
2017-08-31,27004632.0,5357375.0,5.01,5.06,5.1,5.05
2017-09-01,18234749.0,3624920.0,5.01,5.04,5.06,5.04
2017-09-04,26129849.0,5189634.0,5.01,5.04,5.06,5.04
2017-09-05,61768534.0,12029700.0,5.05,5.15,5.18,5.06
2017-09-06,32844378.0,6410998.0,5.09,5.15,5.16,5.12
2017-09-07,34320106.0,6702658.0,5.09,5.11,5.17,5.15
2017-09-08,73849221.0,14207457.0,5.08,5.23,5.29,5.1
2017-09-11,43654531.0,8384210.0,5.15,5.22,5.25,5.19
2017-09-12,40619459.0,7882020.0,5.1,5.12,5.23,5.22
2017-09-13,31429813.0,6170500.0,5.07,5.09,5.14,5.09
2017-09-14,19573209.0,3850009.0,5.06,5.09,5.1,5.09
2017-09-15,18162586.0,3572751.0,5.05,5.1,5.12,5.09
2017-09-18,24838467.0,4853445.0,5.08,5.12,5.15,5.1
2017-09-19,27980316.0,5452467.0,5.1,5.15,5.16,5.1
2017-09-20,28440783.0,5553512.0,5.09,5.14,5.16,5.14
2017-09-21,24473471.0,4789500.0,5.08,5.09,5.15,5.14
2017-09-22,32078932.0,6371610.0,5.0,5.04,5.09,5.08
2017-09-25,76260595.0,14915288.0,4.95,5.15,5.24,5.02
2017-09-26,27431997.0,5385855.0,5.05,5.07,5.15,5.11
2017-09-27,55276462.0,10724532.0,5.03,5.18,5.19,5.07
2017-09-28,44434730.0,8608135.0,5.1,5.1,5.25,5.2
2017-09-29,120109243.0,22708976.0,5.15,5.35,5.42,5.18
2017-10-09,65857438.0,12281481.0,5.32,5.37,5.45,5.39
2017-10-10,94906362.0,17581777.0,5.25,5.5,5.54,5.37
2017-10-11,79994449.0,14592690.0,5.4,5.5,5.55,5.47
2017-10-12,53527872.0,9770783.0,5.43,5.49,5.53,5.49
2017-10-13,158390250.0,27646238.0,5.44,5.75,5.88,5.45
2017-10-16,102909017.0,18411068.0,5.41,5.57,5.76,5.75
2017-10-17,32344743.0,5889532.0,5.45,5.5,5.6,5.54
2017-10-18,345641928.0,57847895.0,5.42,6.05,6.05,5.49
2017-10-19,240701276.0,37593619.0,6.02,6.66,6.66,6.09
2017-10-20,868470888.0,123792600.0,6.72,7.0,7.32,7.02
2017-10-23,1283784455.0,172351391.0,6.8,7.47,7.7,6.9
2017-10-24,1046149144.0,152394468.0,6.72,6.92,7.24,7.17
2017-10-25,603719935.0,89906269.0,6.51,6.71,6.98,6.73
2017-10-26,419656355.0,64198665.0,6.42,6.52,6.68,6.66
2017-10-27,415189339.0,64861405.0,6.2,6.32,6.57,6.54
2017-10-30,279484812.0,45972000.0,5.93,6.02,6.3,6.3
2017-10-31,231599005.0,38448591.0,5.94,6.03,6.08,6.07
2017-11-01,174774796.0,28994970.0,5.95,6.02,6.07,6.02
2017-11-02,192318815.0,32906504.0,5.77,5.81,6.0,5.99
2017-11-03,217057491.0,37004008.0,5.77,5.91,5.95,5.81
2017-11-06,127189732.0,21512239.0,5.82,5.94,5.97,5.92
2017-11-07,349742736.0,57611180.0,5.83,6.15,6.23,5.9
2017-11-08,244808242.0,39680872.0,6.06,6.17,6.29,6.12
2017-11-09,131243623.0,21449138.0,6.06,6.12,6.21,6.17
2017-11-10,144741612.0,24046203.0,5.97,6.01,6.1,6.06
2017-11-13,122016572.0,20820608.0,5.78,5.85,6.02,6.01
2017-11-14,109477650.0,18529404.0,5.8,5.93,5.95,5.86
2017-11-15,73147142.0,12473100.0,5.8,5.82,5.92,5.89
2017-11-16,87364604.0,15356000.0,5.62,5.62,5.81,5.78
2017-11-17,102245867.0,18853501.0,5.21,5.29,5.62,5.61
2017-11-20,63225626.0,12251090.0,5.08,5.24,5.24,5.24
2017-11-21,47502456.0,9082600.0,5.18,5.21,5.31,5.25
2017-11-22,47263972.0,9089090.0,5.13,5.21,5.26,5.21
2017-11-23,120860811.0,22430446.0,5.15,5.34,5.58,5.19
2017-11-24,78793472.0,14698480.0,5.16,5.41,5.5,5.24
2017-11-27,83008155.0,15791773.0,5.13,5.13,5.42,5.37
2017-11-28,38087610.0,7334476.0,5.11,5.23,5.24,5.15
2017-11-29,46886261.0,8936100.0,5.19,5.23,5.31,5.23
2017-11-30,45321393.0,8784290.0,5.13,5.13,5.21,5.21
2017-12-01,35116282.0,6765580.0,5.11,5.21,5.23,5.13
2017-12-04,43247232.0,8386700.0,5.09,5.14,5.22,5.21
2017-12-05,37315685.0,7276200.0,5.06,5.08,5.2,5.2
2017-12-06,31477499.0,6181100.0,5.05,5.14,5.14,5.08
2017-12-07,32010829.0,6231596.0,5.1,5.17,5.17,5.12
2017-12-08,51742169.0,9877496.0,5.15,5.26,5.28,5.15
2017-12-11,42564939.0,8099396.0,5.21,5.27,5.29,5.21
2017-12-12,28975488.0,5555700.0,5.14,5.15,5.28,5.25
2017-12-13,80780949.0,15179752.0,5.12,5.3,5.47,5.15
2017-12-14,79000062.0,14733298.0,5.22,5.46,5.56,5.26
2017-12-15,113759062.0,20687824.0,5.37,5.56,5.6,5.45
2017-12-18,60167881.0,10818501.0,5.48,5.54,5.62,5.58
2017-12-19,46519419.0,8491510.0,5.42,5.53,5.54,5.54
2017-12-20,34616474.0,6364165.0,5.38,5.38,5.5,5.5
2017-12-21,86662565.0,15655260.0,5.34,5.54,5.61,5.36
2017-12-22,49466207.0,9025700.0,5.42,5.5,5.56,5.45
2017-12-25,37503546.0,6953991.0,5.33,5.36,5.49,5.48
2017-12-26,52622311.0,9658560.0,5.31,5.51,5.55,5.34
2017-12-27,40393335.0,7433660.0,5.38,5.41,5.5,5.49
2017-12-28,28313690.0,5237035.0,5.36,5.38,5.48,5.4
2017-12-29,47196408.0,8747101.0,5.36,5.42,5.44,5.38
2018-01-02,46225100.0,8519811.0,5.33,5.48,5.49,5.38
2018-01-03,62180490.0,11296264.0,5.41,5.53,5.56,5.47
2018-01-04,51857624.0,9369600.0,5.47,5.48,5.65,5.55
2018-01-05,81516804.0,14633137.0,5.44,5.64,5.67,5.48
2018-01-08,240846026.0,40269504.0,5.57,6.2,6.2,5.63
2018-01-09,236925052.0,38681967.0,5.98,6.01,6.33,6.27
2018-01-10,106279059.0,17803265.0,5.88,5.97,6.1,6.0
2018-01-11,77711280.0,13305766.0,5.78,5.84,5.96,5.96
2018-01-12,109040388.0,18421800.0,5.78,5.99,6.09,5.81
2018-01-15,154078208.0,27491320.0,5.39,5.45,5.91,5.86
2018-01-16,85870666.0,16189369.0,5.21,5.28,5.42,5.38
2018-01-17,69589306.0,13194000.0,5.16,5.3,5.37,5.27
2018-01-18,83921309.0,15594269.0,5.26,5.36,5.48,5.28
2018-01-19,66842363.0,12302913.0,5.37,5.37,5.53,5.48
2018-01-22,35012391.0,6572300.0,5.27,5.36,5.4,5.4
2018-01-23,27229544.0,5109107.0,5.3,5.33,5.36,5.34
2018-01-24,34204227.0,6431300.0,5.28,5.33,5.36,5.31
2018-01-25,36678799.0,6884100.0,5.3,5.31,5.35,5.33
2018-01-26,77664574.0,14335507.0,5.31,5.4,5.52,5.32
2018-01-29,49000234.0,9026299.0,5.37,5.39,5.48,5.37
2018-01-30,78471758.0,15117992.0,5.07,5.13,5.38,5.38
2018-01-31,80687886.0,16935027.0,4.62,4.76,5.01,5.01
2018-02-01,51693127.0,11334875.0,4.35,4.36,4.76,4.68
2018-02-02,39610955.0,9235375.0,4.04,4.39,4.4,4.36
2018-02-05,16959083.0,3899200.0,4.25,4.32,4.4,4.34
2018-02-06,34923595.0,8488162.0,3.96,3.97,4.26,4.25
2018-02-07,39356591.0,9807000.0,3.86,4.07,4.11,4.03
2018-02-08,31342556.0,7664081.0,4.0,4.1,4.17,4.07
2018-02-09,24544103.0,6117672.0,3.92,4.01,4.06,4.0
2018-02-12,31116125.0,7551463.0,4.01,4.13,4.18,4.01
2018-02-13,22123229.0,5344600.0,4.09,4.13,4.18,4.15
2018-02-14,14123126.0,3436964.0,4.06,4.13,4.14,4.12
2018-02-22,17450329.0,4151864.0,4.14,4.24,4.24,4.14
2018-02-23,60375212.0,13382404.0,4.25,4.5,4.66,4.27
2018-02-26,62386066.0,13490504.0,4.42,4.71,4.88,4.52
2018-02-27,42959538.0,9159400.0,4.62,4.63,4.78,4.74
2018-02-28,76114004.0,17510071.0,4.17,4.45,4.5,4.18
2018-03-01,38321821.0,8666245.0,4.33,4.44,4.47,4.34
2018-03-02,57027872.0,12492962.0,4.4,4.73,4.8,4.41
2018-03-05,56070223.0,11953493.0,4.61,4.62,4.81,4.7
2018-03-06,34341508.0,7390376.0,4.55,4.66,4.71,4.71
2018-03-07,35111051.0,7502906.0,4.61,4.65,4.75,4.66
2018-03-08,27449933.0,5895500.0,4.63,4.66,4.68,4.65
2018-03-09,45252172.0,9623134.0,4.62,4.7,4.78,4.64
2018-03-12,53685832.0,11367900.0,4.65,4.72,4.8,4.7
2018-03-13,87116996.0,17922362.0,4.67,4.88,5.05,4.72
2018-03-14,38248087.0,8005731.0,4.71,4.73,4.83,4.83
2018-03-15,42335734.0,8763805.0,4.7,4.79,4.97,4.74
2018-03-16,49359132.0,10190934.0,4.74,4.85,4.93,4.86
2018-03-19,52970819.0,11073407.0,4.7,4.74,4.93,4.84
2018-03-20,32873977.0,6911500.0,4.66,4.75,4.86,4.7
2018-03-21,29809837.0,6296700.0,4.68,4.69,4.77,4.71
2018-03-22,24185915.0,5234536.0,4.57,4.59,4.71,4.69
2018-03-23,39157455.0,8967308.0,4.21,4.25,4.51,4.5
2018-03-26,25515656.0,5913328.0,4.18,4.38,4.4,4.23
2018-03-27,28369541.0,6325900.0,4.39,4.47,4.52,4.39
2018-03-28,19466997.0,4349371.0,4.41,4.45,4.52,4.45
2018-03-29,19046085.0,4246591.0,4.44,4.47,4.52,4.46
2018-03-30,17314834.0,3854600.0,4.47,4.51,4.51,4.5
2018-04-02,59681110.0,13770118.0,4.2,4.4,4.48,4.48
2018-04-03,20542530.0,4743221.0,4.28,4.33,4.36,4.31
2018-04-04,14392536.0,3308700.0,4.32,4.33,4.39,4.33
2018-04-09,16439548.0,3833231.0,4.23,4.31,4.33,4.32
2018-04-10,20729702.0,4856400.0,4.24,4.28,4.31,4.31
2018-04-11,47103810.0,11242200.0,4.16,4.17,4.24,4.21
2018-04-12,45266875.0,11185001.0,4.0,4.02,4.17,4.17
2018-04-13,28635203.0,7142000.0,3.98,3.99,4.06,4.01
2018-04-16,78499691.0,21463583.0,3.59,3.63,3.78,3.59
2018-04-17,38956692.0,10834535.0,3.55,3.56,3.67,3.59
2018-04-18,31209712.0,8927700.0,3.38,3.53,3.6,3.56
2018-04-19,23763474.0,6704427.0,3.48,3.58,3.61,3.53
2018-04-20,37196193.0,10767241.0,3.39,3.41,3.57,3.56
2018-04-23,47598202.0,14572801.0,3.23,3.25,3.35,3.35
2018-04-24,39508397.0,12071519.0,3.25,3.27,3.3,3.27
2018-04-25,43675389.0,13282178.0,3.25,3.31,3.32,3.28
2018-04-26,31583204.0,9750650.0,3.18,3.19,3.32,3.3
2018-04-27,22769727.0,7084566.0,3.17,3.25,3.25,3.19
2018-05-02,23643426.0,7404200.0,3.14,3.17,3.27,3.25
2018-05-03,27220159.0,8621187.0,3.07,3.21,3.23,3.17
2018-05-04,63656955.0,18760276.0,3.2,3.53,3.53,3.2
2018-05-07,163315858.0,44476852.0,3.37,3.88,3.88,3.47
2018-05-08,228424751.0,55961167.0,3.8,4.15,4.26,3.86
2018-05-09,163343615.0,42035448.0,3.78,3.81,3.99,3.9
2018-05-10,82086297.0,21766229.0,3.68,3.76,3.87,3.76
2018-05-11,70168593.0,18776700.0,3.67,3.74,3.81,3.79
2018-05-14,42645340.0,11498813.0,3.63,3.7,3.77,3.63
2018-05-15,38480140.0,10328671.0,3.68,3.73,3.77,3.73
2018-05-16,116530822.0,30068434.0,3.65,3.92,4.04,3.68
2018-05-17,105697895.0,26598522.0,3.83,3.92,4.14,3.83
2018-05-18,74950366.0,18965106.0,3.85,3.98,4.03,3.9
2018-05-21,63475066.0,16105031.0,3.88,3.93,4.01,4.01
2018-05-22,45410412.0,11803286.0,3.8,3.83,3.94,3.85
2018-05-23,30509995.0,8114600.0,3.71,3.72,3.8,3.78
2018-05-24,37041827.0,9783379.0,3.7,3.85,3.85,3.7
2018-05-25,26222145.0,6883908.0,3.74,3.75,3.88,3.81
2018-05-28,25571813.0,6917504.0,3.64,3.66,3.81,3.78
2018-05-29,41439438.0,10955100.0,3.6,3.77,3.99,3.68
2018-05-30,39195274.0,11113100.0,3.41,3.53,3.64,3.41
2018-05-31,21184139.0,5948801.0,3.52,3.54,3.6,3.54
2018-06-01,25516140.0,7378100.0,3.33,3.41,3.57,3.56
2018-06-04,40538869.0,11674150.0,3.38,3.56,3.59,3.4
2018-06-05,62735350.0,16801908.0,3.5,3.82,3.88,3.54
2018-06-06,33586711.0,8880063.0,3.72,3.82,3.85,3.85
2018-06-07,36774321.0,9599909.0,3.77,3.79,3.88,3.77
2018-06-08,25715802.0,6796908.0,3.72,3.72,3.84,3.78
2018-06-11,20215992.0,5428063.0,3.61,3.74,3.79,3.7
2018-06-12,41206880.0,10805609.0,3.71,3.84,3.88,3.74
2018-06-13,25302291.0,6610504.0,3.77,3.8,3.89,3.88
2018-06-14,24452267.0,6443654.0,3.72,3.85,3.85,3.78
2018-06-15,69883765.0,17379464.0,3.82,3.95,4.24,3.82
2018-06-19,63831070.0,16490198.0,3.58,3.79,4.07,3.64
2018-06-20,59119807.0,15112894.0,3.75,4.02,4.05,3.81
2018-06-21,50512764.0,12621994.0,3.94,4.05,4.09,3.98
2018-06-22,46017877.0,11449602.0,3.95,4.01,4.1,3.99
2018-06-25,32455342.0,8131000.0,3.93,4.0,4.08,4.08
2018-06-26,29221243.0,7310757.0,3.93,4.02,4.03,3.97
2018-06-27,41342488.0,10544000.0,3.81,3.81,4.03,4.03
2018-06-28,35852404.0,9486561.0,3.69,3.88,3.93,3.7
2018-06-29,40589059.0,10366640.0,3.81,3.91,3.97,3.82
2018-07-02,32138311.0,8137540.0,3.81,3.87,4.1,3.95
2018-07-03,33369237.0,8560300.0,3.82,3.95,3.95,3.87
2018-07-04,35700509.0,9009510.0,3.88,3.97,4.01,3.95
2018-07-05,34748001.0,8838701.0,3.87,3.87,4.07,4.07
2018-07-06,37152448.0,9407830.0,3.83,3.96,4.0,3.9
2018-07-09,30418017.0,7587901.0,3.96,4.02,4.04,4.01
2018-07-10,82062310.0,19909998.0,3.96,4.15,4.17,3.96
2018-07-11,58413731.0,14102832.0,4.08,4.17,4.22,4.21
2018-07-12,75886114.0,17407855.0,4.23,4.53,4.58,4.23
2018-07-13,88724664.0,19319000.0,4.42,4.65,4.75,4.45
2018-07-16,60195938.0,12974527.0,4.52,4.58,4.73,4.6
